<?xml version="1.0" encoding="utf-8"?>
<edmx:Edmx Version="1.0" xmlns:edmx="http://schemas.microsoft.com/ado/2007/06/edmx"
	xmlns:m="http://schemas.microsoft.com/ado/2007/08/dataservices/metadata" xmlns:sap="http://www.sap.com/Protocols/SAPData">
	<edmx:DataServices m:DataServiceVersion="2.0">
		<Schema Namespace="ZMDE_GDMVT_REMOVE_DELIVERY_SRV" xml:lang="de" sap:schema-version="1" xmlns="http://schemas.microsoft.com/ado/2008/09/edm">
			<EntityType Name="Delivery" sap:content-version="1">
				<Key><PropertyRef Name="Vbeln"/></Key><Property Name="Vbeln" Type="Edm.String" Nullable="false" MaxLength="10" sap:unicode="false" sap:label="Lieferung" sap:creatable="false"
					sap:updatable="false" sap:filterable="false"/><Property Name="Wbstk" Type="Edm.String" MaxLength="1" sap:unicode="false" sap:label="Status Warenausgangsbuchung" sap:creatable="false"
					sap:updatable="false" sap:sortable="false"/><Property Name="Ernam" Type="Edm.String" MaxLength="12" sap:unicode="false" sap:label="Angelegt von" sap:creatable="false"
					sap:updatable="false" sap:filterable="false"/><Property Name="Erdat" Type="Edm.DateTime" Precision="7" sap:unicode="false" sap:label="Angelegt am" sap:creatable="false"
					sap:updatable="false" sap:filterable="false"/><Property Name="Kodat" Type="Edm.DateTime" Precision="7" sap:unicode="false" sap:label="Kommisionierungsdatum" sap:creatable="false"
					sap:updatable="false" sap:filterable="false"/></EntityType>
			<EntityType Name="PO_ATTACHMENT" sap:content-version="1">
				<Key><PropertyRef Name="Vbeln"/></Key><Property Name="Vbeln" Type="Edm.String" Nullable="false" MaxLength="10" sap:unicode="false" sap:label="Vertriebsbeleg"
					sap:creatable="false" sap:updatable="false" sap:sortable="false" sap:filterable="false"/><Property Name="Filename" Type="Edm.String" Nullable="false" MaxLength="255" sap:unicode="false" sap:label="Dateiname" sap:creatable="false"
					sap:updatable="false" sap:sortable="false" sap:filterable="false"/><Property Name="Mimetype" Type="Edm.String" Nullable="false" MaxLength="40" sap:unicode="false" sap:label="BItem-Typ" sap:creatable="false"
					sap:updatable="false" sap:sortable="false" sap:filterable="false"/><Property Name="Content" Type="Edm.Binary" Nullable="false" sap:unicode="false" sap:label="CONTENT" sap:creatable="false"
					sap:updatable="false" sap:sortable="false" sap:filterable="false"/></EntityType>
			<EntityType Name="DeliveryItem" sap:content-version="1">
				<Key><PropertyRef Name="Vbeln"/><PropertyRef Name="Posnr"/></Key><Property Name="Vbeln" Type="Edm.String" Nullable="false" MaxLength="10" sap:unicode="false" sap:label="Lieferung" sap:creatable="false"
					sap:updatable="false" sap:sortable="false"/><Property Name="Posnr" Type="Edm.String" Nullable="false" MaxLength="6" sap:unicode="false" sap:label="Position" sap:creatable="false"
					sap:updatable="false" sap:sortable="false" sap:filterable="false"/><Property Name="Matnr" Type="Edm.String" Nullable="false" MaxLength="18" sap:unicode="false" sap:label="Material" sap:creatable="false"
					sap:updatable="false" sap:sortable="false" sap:filterable="false"/><Property Name="Werks" Type="Edm.String" Nullable="false" MaxLength="4" sap:unicode="false" sap:label="Werk" sap:creatable="false"
					sap:updatable="false" sap:sortable="false" sap:filterable="false"/><Property Name="Lgort" Type="Edm.String" Nullable="false" MaxLength="4" sap:unicode="false" sap:label="Lagerort" sap:creatable="false"
					sap:updatable="false" sap:sortable="false" sap:filterable="false"/><Property Name="Charg" Type="Edm.String" Nullable="false" MaxLength="10" sap:unicode="false" sap:label="Charge" sap:creatable="false"
					sap:updatable="false" sap:sortable="false" sap:filterable="false"/><Property Name="Lfimg" Type="Edm.Decimal" Nullable="false" Precision="13" Scale="3" sap:unicode="false" sap:unit="Meins"
					sap:label="Liefermenge" sap:creatable="false" sap:updatable="false" sap:sortable="false" sap:filterable="false"/><Property Name="Meins" Type="Edm.String" Nullable="false" MaxLength="3" sap:unicode="false" sap:label="Basis-ME" sap:creatable="false"
					sap:updatable="false" sap:sortable="false" sap:filterable="false" sap:semantics="unit-of-measure"/><Property Name="Vrkme" Type="Edm.String" Nullable="false" MaxLength="3" sap:unicode="false" sap:label="VerkaufsME" sap:creatable="false"
					sap:updatable="false" sap:sortable="false" sap:filterable="false" sap:semantics="unit-of-measure"/><Property Name="Arktx" Type="Edm.String" Nullable="false" MaxLength="40" sap:unicode="false" sap:label="Bezeichnung" sap:creatable="false"
					sap:updatable="false" sap:sortable="false" sap:filterable="false"/><Property Name="Xchpf" Type="Edm.Boolean" Nullable="false" sap:unicode="false" sap:label="Chargenpfl" sap:creatable="false"
					sap:updatable="false" sap:sortable="false" sap:filterable="false"/><Property Name="Lgpbe" Type="Edm.String" Nullable="false" MaxLength="10" sap:unicode="false" sap:label="Lagerplatz" sap:creatable="false"
					sap:updatable="false" sap:sortable="false" sap:filterable="false"/><Property Name="Rfmng" Type="Edm.Decimal" Nullable="false" Precision="15" Scale="3" sap:unicode="false" sap:unit="Meins" sap:label="Menge"
					sap:creatable="false" sap:updatable="false" sap:sortable="false" sap:filterable="false"/><Property Name="Pikmg" Type="Edm.Decimal" Nullable="false" Precision="15" Scale="3" sap:unicode="false" sap:unit="Meins" sap:label="Menge"
					sap:creatable="false" sap:updatable="false" sap:sortable="false" sap:filterable="false"/></EntityType>
			<EntityContainer Name="ZMDE_GDMVT_REMOVE_DELIVERY_SRV_Entities" m:IsDefaultEntityContainer="true" sap:supported-formats="atom json xlsx"><EntitySet Name="DeliverySet" EntityType="ZMDE_GDMVT_REMOVE_DELIVERY_SRV.Delivery" sap:creatable="false" sap:updatable="false"
				sap:deletable="false" sap:pageable="false" sap:content-version="1"/><EntitySet Name="PO_ATTACHMENTSet" EntityType="ZMDE_GDMVT_REMOVE_DELIVERY_SRV.PO_ATTACHMENT" sap:creatable="false" sap:updatable="false"
				sap:deletable="false" sap:pageable="false" sap:content-version="1"/><EntitySet Name="DeliveryItemSet" EntityType="ZMDE_GDMVT_REMOVE_DELIVERY_SRV.DeliveryItem" sap:creatable="false" sap:updatable="false"
				sap:deletable="false" sap:pageable="false" sap:content-version="1"/></EntityContainer><atom:link rel="self"
				href="https://webidecp-a50aa702d.dispatcher.hana.ondemand.com/destinations/MI7/sap/opu/odata/sap/ZMDE_GDMVT_REMOVE_DELIVERY_SRV/$metadata"
				xmlns:atom="http://www.w3.org/2005/Atom"/><atom:link rel="latest-version"
				href="https://webidecp-a50aa702d.dispatcher.hana.ondemand.com/destinations/MI7/sap/opu/odata/sap/ZMDE_GDMVT_REMOVE_DELIVERY_SRV/$metadata"
				xmlns:atom="http://www.w3.org/2005/Atom"/></Schema>
	</edmx:DataServices>
</edmx:Edmx>